theta0,theta1
0.9393189460953737,-1.0035757863333763